hs2,sector,export_value,import_value,trade_balance,total_trade,export_ratio,exposure_us,exposure_cn,exposure_mx,exposure_jp,exposure_de,exposure_gb,hhi_concentration,top_partner,top_partner_name,top_partner_share,tariff_percent,risk_score,shocked_risk_score,risk_delta,affected_export_value
01,Machinery & Equipment - Subsector 1,78950353898.86067,41912906613.65436,37037447285.206314,120863260512.51503,0.6532204539582613,0.522655535509223,0.2429350352040203,0.0900484914295176,0.013311276102628491,0.013310485327620344,0.005764342824410695,0.28609475889809255,US,United States,0.522655535509223,0,35.529954444821584,44.36225182271583,8.832297377894243,6973130037.247296
02,Electrical Machinery - Subsector 2,23362965407.775887,21887447196.162693,1475518211.6131935,45250412603.93858,0.5163039199722652,0.5282414000793032,0.24798525979926395,0.06415513891331692,0.017730671068434803,0.022674168539386804,0.023898187186225224,0.2895235771976043,US,United States,0.5282414000793032,0,35.96211628626069,44.82104476722731,8.858928480966625,2069708396.5078385
03,Agricultural Products - Subsector 3,3265542526.398974,4608716589.067858,-1343174062.6688838,7874259115.466831,0.4147110831017369,0.5886707608687303,0.16037852792448154,0.0468146675551798,0.031494125523969775,0.04617383884921849,0.013368714384894828,0.36262735690198666,US,United States,0.5886707608687303,0,36.35217092918403,44.878422370723754,8.526251441539728,278428366.7311854
04,Energy Products - Subsector 4,8726670268.609154,10124933655.461908,-1398263386.8527546,18851603924.07106,0.4629139411032461,0.5006720849267347,0.23650456752701157,0.07606346398945027,0.04131768798815242,0.02165099781232352,0.008216052982555134,0.26627357128792956,US,United States,0.5006720849267347,0,34.172394266604634,42.27556847309374,8.103174206489108,707137294.2912908
05,Automotive & Parts - Subsector 5,1007750809.8657302,1969524945.7275095,-961774135.8617793,2977275755.59324,0.33848084376212906,0.6945672636368543,0.019791964512278198,0.12886387385661038,0.018256108919581873,0.032743242299593266,0.014272016027585405,0.49240604174403363,US,United States,0.6945672636368543,0,38.708413078083346,48.05143107750215,9.343017999418805,94154339.55504395
06,Furniture & Fixtures - Subsector 1,9927332919.401083,9808160213.099236,119172706.30184746,19735493132.50032,0.5030192482524187,0.38924487492728,0.3821171047083694,0.12747994409864732,0.03739669915573709,0.010801928984690618,0.009461391154846305,0.15500836631747658,US,United States,0.38924487492728,0,33.86885821302557,42.613099100638244,8.744240887612676,868069904.1877028
07,Plastics & Chemicals - Subsector 2,2676786477.6185393,1360565531.4756968,1316220946.1428425,4037352009.0942364,0.663005472792318,0.44037653865907456,0.29721401958780175,0.08064643379462444,0.01999080643201202,0.029846682912288553,0.009349347242646947,0.2103342807059879,US,United States,0.44037653865907456,0,32.95510837847985,40.805440927138974,7.850332548659125,210136640.1105943
08,Beverages & Spirits - Subsector 3,18495259079.34707,26539720048.694653,-8044460969.347584,45034979128.04172,0.4106865249512398,0.6444310363303902,0.11217822637622908,0.07666129868592654,0.011830933209665644,0.02221520199841185,0.008265375938610023,0.4314729838793417,US,United States,0.6444310363303902,0,38.02399937172791,47.26693593701251,9.242936565284602,1709505064.2890904
09,Machinery & Equipment - Subsector 4,12710825571.434944,20860721861.20503,-8149896289.770084,33571547432.639973,0.37861899565215845,0.452760171636222,0.23100868713159983,0.08983397365002346,0.042658116451543784,0.038649745997663895,0.039248666285998636,0.22104798942169848,US,United States,0.452760171636222,0,31.926216457650874,39.077554601737916,7.151338144087042,908994117.518397
10,Wood & Paper Products - Subsector 5,2807572884.9427104,4083939364.010498,-1276366479.0677876,6891512248.953209,0.4073957621375727,0.6677730895579289,0.1776826458505769,0.05243017568433897,0.027664212707741036,0.011245449499851365,0.008958375045168903,0.4498355545404757,US,United States,0.6677730895579289,0,41.88600116166117,52.97100812021757,11.085006958556399,311219649.6624421
11,Machinery & Equipment - Subsector 1,2197366495.1255245,4163012955.3444047,-1965646460.2188802,6360379450.469929,0.34547726471935175,0.4922295772023137,0.3095568948441348,0.06996659845465349,0.024665808615059823,0.03755810616959301,0.012146409436690124,0.2473591939848869,US,United States,0.4922295772023137,0,36.31381490391162,45.58215092762323,9.268336023711612,203659310.44068825
12,Electronics - Subsector 2,3481156042.0858717,6419728485.526813,-2938572443.440941,9900884527.612684,0.3516005092653326,0.4056801971193246,0.31854212659292697,0.0904302911299007,0.014861756180546458,0.038895093494902375,0.020320554804587197,0.1791040559771281,US,United States,0.4056801971193246,0,32.11281442964162,39.69969349894755,7.586879069305937,264111099.12689197
13,Machinery & Equipment - Subsector 3,884214045.1991588,601086984.5936775,283127060.60548127,1485301029.7928362,0.5953096560651314,0.47016717682825426,0.21510131143902958,0.10196079904750002,0.046982946433593194,0.04886205430896978,0.005766466092051282,0.23804170184279083,US,United States,0.47016717682825426,0,32.31817221368271,39.65414891777131,7.335976704088601,64865736.37008974
14,Machinery & Equipment - Subsector 4,3931543181.484177,3450611043.2980523,480932138.1861248,7382154224.782229,0.5325739698428146,0.5296977617619041,0.178841801620578,0.084887184348099,0.03176279574012289,0.02045142075983622,0.03250570253726466,0.2979117101371331,US,United States,0.5296977617619041,0,33.97218940266931,41.79898021257551,7.8267908099062,307713660.41589737
15,Mineral Products - Subsector 5,5537031643.976132,3971947059.716531,1565084584.2596016,9508978703.692663,0.5822950935651915,0.6407345140332772,0.16325150836453514,0.02540769916355148,0.039327130627747724,0.0344368712115262,0.007779916746425081,0.4212658698228664,US,United States,0.6407345140332772,0,39.39367854936053,49.105458200756885,9.711779651396355,537744312.4910512
16,Mineral Products - Subsector 1,11615274666.382048,16824246176.439919,-5208971510.057871,28439520842.821968,0.4084201956346849,0.6509134848857909,0.12727166091930642,0.05632864755566877,0.03778215044000768,0.01821237426414471,0.028466382571332525,0.43282298034805605,US,United States,0.6509134848857909,0,39.14483495251839,48.74645855948068,9.601623606962292,1115254954.3808494
17,Agricultural Products - Subsector 2,721808690.6500916,1059441335.9578123,-337632645.30772066,1781250026.607904,0.405225925539862,0.6413891335483262,0.11994556997985757,0.07407173454059804,0.024118531143918296,0.01844525752401154,0.0067895211958430195,0.425628364998177,US,United States,0.6413891335483262,0,38.15303529486899,47.46067715482353,9.307641859954536,67183367.83973768
18,Energy Products - Subsector 3,8189431341.720685,14872081267.715092,-6682649925.994407,23061512609.435776,0.35511249762385155,0.6003724434102902,0.14864757455151498,0.07168842665138629,0.014582352600082076,0.022241734469483587,0.008439972496282307,0.3791890133377818,US,United States,0.6003724434102902,0,36.57471340364925,45.343887719231944,8.769174315582696,718145509.8104496
19,Energy Products - Subsector 4,10911575425.303024,11004811417.330444,-93235992.02742004,21916386842.63347,0.49787291598982797,0.5710474963649457,0.2011175554918186,0.04817067347559191,0.028178465734245282,0.017776736540968473,0.0074621437944451495,0.3431992519682894,US,United States,0.5710474963649457,0,36.4809737463451,45.30080938736008,8.819835641014983,962383018.3571082
20,Machinery & Equipment - Subsector 5,23872670422.178165,44112667209.85114,-20239996787.672977,67985337632.02931,0.35114439750801874,0.4843304524874666,0.27438034688160884,0.11553241561848782,0.03431192390549944,0.029719437544907645,0.006617420019710717,0.23971722259893408,US,United States,0.4843304524874666,0,35.18148293603108,44.04282060726123,8.861337671230146,2115437937.2490904
21,Agricultural Products - Subsector 1,1237440030.6380641,1940638631.5451634,-703198600.9070992,3178078662.1832275,0.38936733862590633,0.592560244010525,0.13604994611161983,0.0706223751331557,0.012046830221185698,0.019402901739630593,0.028581504181083416,0.3722728214745287,US,United States,0.592560244010525,0,35.73094296378137,44.07103655975504,8.340093595973677,103203656.74925989
22,Energy Products - Subsector 2,19783146986.352493,20803437164.870373,-1020290178.5178795,40586584151.22287,0.4874306966223574,0.5647617786250496,0.21185436169069025,0.05894476715162891,0.04394418027448876,0.036284074900447806,0.024876786670663988,0.3263428757530965,US,United States,0.5647617786250496,0,37.15238866178898,46.26821923634478,9.115830574555794,1803398161.5912337
23,Energy Products - Subsector 3,4967987110.599781,3938940525.523403,1029046585.0763779,8906927636.123184,0.5577666411537323,0.5215000663455669,0.23371765865223343,0.04141785074042932,0.04340959199548345,0.03349238966888712,0.031185969554486003,0.285018623053928,US,United States,0.5215000663455669,0,35.12332742454537,43.386549128003956,8.263221703458584,410515789.1481061
24,Optical & Medical Instruments - Subsector 4,437140104897.17035,461286872035.983,-24146767138.812622,898426976933.1533,0.4865616417590001,0.4271814380532137,0.2154691365974307,0.10011076944396867,0.017968902631478673,0.05008358587226752,0.040374854020804596,0.2090901638801467,US,United States,0.4271814380532137,0,30.059766139672245,36.4870982614147,6.427332121742456,28096446379.074497
25,Automotive & Parts - Subsector 5,3781903944.71006,2852459903.2928443,929444041.4172158,6634363848.002905,0.5700477138962614,0.682823041276555,0.037174838645660055,0.12014286843058551,0.03949668734909842,0.03589692031123324,0.012452928062745285,0.47443678956965174,US,United States,0.682823041276555,0,38.71831588037091,48.058310686219166,9.339994805848256,353229631.9980899
26,Wood & Paper Products - Subsector 1,26698254573.362736,34106872804.275845,-7408618230.913109,60805127377.63858,0.43907900081434853,0.6259009660897228,0.1861629689907281,0.04936641649884731,0.012647748261446566,0.03151248383436579,0.0361132641073317,0.397607630733403,US,United States,0.6259009660897228,0,39.674380822273825,49.75112318767995,10.076742365406126,2690314329.418021
27,Pharmaceuticals - Subsector 2,15999724917.87337,27158617359.036026,-11158892441.162657,43158342276.90939,0.37072148914379305,0.43423704524335516,0.2958553017926163,0.08644916846646016,0.021251563450825132,0.018953805230180837,0.02905146629678978,0.20325869159051826,US,United States,0.43423704524335516,0,32.73350950421335,40.497309720711904,7.763800216498552,1242186677.8130255
28,Metals & Ores - Subsector 3,2390116135446.6455,1323917380542.6743,1066198754903.9712,3714033515989.32,0.6435365015304613,0.5833302048823238,0.19982171978888222,0.06685987963380279,0.021424040189308633,0.02279357944182617,0.007550731874441376,0.35095681603429046,US,United States,0.5833302048823238,0,37.43610748781636,46.757179841725446,9.321072353909088,222784454327.43756
29,Mineral Products - Subsector 4,8136987525.408182,13466635667.01627,-5329648141.608088,21603623192.424454,0.37664920615082315,0.6409047888433052,0.15058828583289974,0.05840012885151903,0.011816953672932532,0.012105444594749465,0.035588819754523555,0.4205192534714492,US,United States,0.6409047888433052,0,39.1856599291257,48.970787460970136,9.785127531844438,796214606.6114635
30,Energy Products - Subsector 5,1467239630.4669645,2881333081.9250245,-1414093451.45806,4348572712.391989,0.33740717414838634,0.6417250605029591,0.11589895271918982,0.023735108008872262,0.03211222757249195,0.03249363851724249,0.02805980775167149,0.430555190048888,US,United States,0.6417250605029591,0,37.68350889337613,46.43631691768867,8.752808024312543,128424668.11140618
31,Mineral Products - Subsector 1,15760091944.753613,17547749979.946716,-1787658035.1931038,33307841924.70033,0.4731646073132793,0.557363192204825,0.21647065369053967,0.03578585026848189,0.027206038354696174,0.012970054548112115,0.005811904978158318,0.33244503512122237,US,United States,0.557363192204825,0,35.9985698362837,44.626173639535544,8.627603803251844,1359718292.0215502
32,Energy Products - Subsector 2,27075595612.36829,43506295586.28621,-16430699973.91792,70581891198.6545,0.3836054142579341,0.5551282868020637,0.14370821546895995,0.055329828470435605,0.040315239806045934,0.03804165521506085,0.015461714627688562,0.33458754386729744,US,United States,0.5551282868020637,0,33.85508259355194,41.34620398636255,7.491121392810612,2028265735.1490126
33,Wood & Paper Products - Subsector 3,14378429644.893097,17416027383.919052,-3037597739.025955,31794457028.81215,0.45223070272479754,0.6538521013512504,0.17118931325357795,0.036628941941401275,0.025466071129747404,0.04235484806683115,0.005782416302351525,0.43418795565475404,US,United States,0.6538521013512504,0,40.68888480940558,51.072871401821295,10.383986592415717,1493054206.525626
34,Automotive & Parts - Subsector 4,23616628943.214764,13413206454.246609,10203422488.968155,37029835397.46137,0.6377729927698742,0.6985547080621182,0.04370427555311426,0.08317205690155301,0.02469596086535478,0.02341947637257452,0.023974320756275234,0.5002137973059297,US,United States,0.6985547080621182,0,39.30375642785832,48.7423109132523,9.43855448539398,2229068390.4186497
35,Machinery & Equipment - Subsector 5,8204666907.908429,15673747375.405369,-7469080467.49694,23878414283.313797,0.34360183262428107,0.49803627411265183,0.22431144341927056,0.1214058695441871,0.03253123971774658,0.014783055991229279,0.006685567595952207,0.2598160043570888,US,United States,0.49803627411265183,0,34.04801291057995,42.29442624318514,8.246413332605194,676590745.7896069
36,Wood & Paper Products - Subsector 1,4145525686.149855,7702494354.876612,-3556968668.7267566,11848020041.026466,0.3498918529674181,0.5420035885332958,0.1843728727931088,0.044565512235298116,0.029861619359285607,0.04471885093106094,0.017371612010555988,0.3157591947439753,US,United States,0.5420035885332958,0,34.41356830544035,42.23479833850547,7.82123003306512,324231099.99358135
37,Energy Products - Subsector 2,3052475389.56509,2067280537.1235054,985194852.4415848,5119755926.688596,0.5962150214335313,0.6500026992145667,0.14561238591374087,0.026681160277281207,0.017427588260206954,0.04720682302637132,0.00947621101838555,0.4358570495918368,US,United States,0.6500026992145667,0,39.26341548718948,48.854979814915886,9.59156432772641,292780140.57815295
38,Optical & Medical Instruments - Subsector 3,26427447432.341827,45197597704.03018,-18770150271.688354,71625045136.37201,0.3689693651435016,0.4128566543062541,0.32582826237612655,0.08803566004027627,0.03656553690500424,0.018466522968752216,0.00972760159270835,0.18399983290089672,US,United States,0.4128566543062541,0,32.63593196579203,40.4715895917369,7.835657625944869,2070764300.0748637
39,Electrical Machinery - Subsector 4,25485878730.049747,16685242988.014076,8800635742.035671,42171121718.06383,0.6043443401965041,0.4282062132603303,0.27166460133677944,0.10330732729425622,0.02339625255573118,0.04675885419545707,0.03469464300682748,0.19575692312190413,US,United States,0.4282062132603303,0,32.09605631893113,39.53129338026553,7.435237061334398,1894935500.7433991
40,Rubber Products - Subsector 5,25034739843.11566,15945377228.28299,9089362614.832672,40980117071.39865,0.6108996662820229,0.46130746372031606,0.2763494219963903,0.07187641852865946,0.04016152530394101,0.02241012120592613,0.004714911113128663,0.2301153145482083,US,United States,0.46130746372031606,0,33.31294983493222,41.187835143913674,7.874885308981455,1971457050.0472422
41,Machinery & Equipment - Subsector 1,41978866381.40894,70833819551.04077,-28854953169.63183,112812685932.4497,0.37211122166300664,0.5115179540767368,0.27290037645503046,0.08612853482871258,0.028302092885656827,0.022416234839945957,0.012245945334797545,0.2675248452801888,US,United States,0.5115179540767368,0,36.20534482396952,45.38023146047098,9.174886636501462,3851513401.782694
42,Electronics - Subsector 2,24227637838.33997,16368204834.40453,7859433003.93544,40595842672.7445,0.5968009589958846,0.40826873777871264,0.3313725120189152,0.05990203327432574,0.035457480513826446,0.030667971876011408,0.039990387230567005,0.1793805518728256,US,United States,0.40826873777871264,0,32.56918201622866,40.20573681085887,7.636554794630214,1850156838.969395
43,Automotive & Parts - Subsector 3,3645314125.4627166,2286547239.0214343,1358766886.4412823,5931861364.484151,0.6145312409504907,0.7083101365064755,0.04966628483962277,0.07575120546863114,0.011625817135953549,0.03309059564765336,0.006565012541857737,0.5161994141015883,US,United States,0.7083101365064755,0,39.90668085676585,49.616003427891435,9.709322571125583,353935307.1719807
44,Electrical Machinery - Subsector 4,10465403434.975498,6543504748.529495,3921898686.446003,17008908183.504993,0.6152895483982155,0.41562612088506556,0.2681742270548033,0.10457413743284047,0.04684975031877669,0.04836618086477632,0.03068690318325418,0.1855693228563626,US,United States,0.41562612088506556,0,31.514579921532608,38.67156223867849,7.156982317145882,749007073.2591742
45,Furniture & Fixtures - Subsector 5,11990058409.040127,19412711721.756634,-7422653312.716507,31402770130.79676,0.3818153098946342,0.36316971590063635,0.3394955876707255,0.16817157769899857,0.012745405772455674,0.0262046629743023,0.004761368127316291,0.1400660328356388,US,United States,0.36316971590063635,0,31.42560944874332,39.15994287714923,7.7343334284059075,927351095.6157842
46,Wood & Paper Products - Subsector 1,2136467116.4619558,4176404888.5513396,-2039937772.0893838,6312872005.013295,0.33843029207075714,0.6661714613849405,0.15030498473145093,0.0357339548570804,0.0430468906732118,0.018225321091598395,0.03724446829508826,0.4497845840513465,US,United States,0.6661714613849405,0,40.94656804092012,51.28340893825876,10.33684089733864,220843206.65263098
47,Automotive & Parts - Subsector 2,65151505511.52401,76996804785.40936,-11845299273.885353,142148310296.93338,0.458334716574746,0.682675589542656,0.042304952405678026,0.12242849746916382,0.010606001018773919,0.026330357662297094,0.0318753253482561,0.4748867390954781,US,United States,0.682675589542656,0,38.74712528118519,48.17058683595252,9.423461554767329,6139527074.230582
48,Agricultural Products - Subsector 3,31152865741.622288,44554794212.78323,-13401928471.160946,75707659954.40552,0.4114889531704442,0.5734294566040983,0.218615086308872,0.021126586665847585,0.019743119701364775,0.04463561332607159,0.03361325550860094,0.3402253129827701,US,United States,0.5734294566040983,0,37.309656326646504,46.34045662854028,9.030800301893777,2813353093.4429884
49,Energy Products - Subsector 4,12337383521.05434,11896833129.250425,440550391.803915,24234216650.304764,0.5090894291769562,0.5471664598741041,0.1725641678275134,0.041932407655422235,0.033938102962645246,0.013342062387149498,0.039797867242772324,0.32518407503470403,US,United States,0.5471664598741041,0,34.2106317617051,41.89861577628946,7.687984014584359,948496072.9166226
50,Beverages & Spirits - Subsector 5,123255108313.16052,138953440265.4183,-15698331952.257782,262208548578.57883,0.4700651789627803,0.6415263686033303,0.06049244139676654,0.08560100954015548,0.039166156167105885,0.04381344431937626,0.027753309142844042,0.42611210114106063,US,United States,0.6415263686033303,0,36.597457591742796,44.96297233647389,8.365514744731094,10310924259.571724
51,Fish & Seafood - Subsector 1,565694107.1319325,1105859342.4651732,-540165235.3332407,1671553449.5971057,0.33842418097266447,0.6914287316652198,0.1096721552949294,0.02216598993251467,0.025736574552035735,0.043570001547097385,0.04062494418180898,0.48674724750661147,US,United States,0.6914287316652198,0,40.94115982245696,50.971134937195714,10.029975114738754,56738978.17087641
52,Iron & Steel - Subsector 2,56306420035.58819,112588994861.36879,-56282574825.7806,168895414896.95697,0.3333803944289471,0.6167211385996132,0.15730934552090514,0.041464011738305336,0.019338790988236494,0.011319930530923034,0.03257445193800989,0.3966151655683078,US,United States,0.6167211385996132,0,37.66156653675796,46.73486263427537,9.073296097517414,5108848211.740787
53,Electrical Machinery - Subsector 3,8850230001.638582,7460427126.207632,1389802875.4309502,16310657127.846214,0.542604134969468,0.4274929882806876,0.328020871105688,0.10767245902333243,0.040781216633165716,0.018444513078677484,0.019255875106359694,0.18852698262859943,US,United States,0.4274929882806876,0,33.90066918500088,42.350932175397084,8.450262990396205,747867710.3934065
54,Metals & Ores - Subsector 4,15985119385.638275,28425894224.055447,-12440774838.417171,44411013609.693726,0.3599359277435891,0.6199763180627873,0.1528248438417133,0.0266565486620503,0.03664721349273806,0.030632000697419247,0.03184370399437604,0.39795188303080625,US,United States,0.6199763180627873,0,37.81450182229057,46.79310996849336,8.978608146202788,1435241231.3391593
55,Wood & Paper Products - Subsector 5,1737791074.1727297,1224373236.656044,513417837.5166857,2962164310.8287735,0.5866626195649894,0.5786998092774404,0.21883467269292567,0.04179066006382611,0.014520355625014296,0.010541310089433714,0.02971053598571491,0.3473135177563021,US,United States,0.5786998092774404,0,37.535641451570164,46.84584619847904,9.310204746908873,161791907.0789882
56,Automotive & Parts - Subsector 1,20678141786.082134,34645803055.868744,-13967661269.78661,55323944841.95088,0.3737647748213785,0.6794191036713855,0.05000937583868447,0.09700976117040866,0.024825456279597313,0.041677907501741114,0.01551777738368094,0.47258415587388053,US,United States,0.6794191036713855,0,38.57534190845538,47.80258659509237,9.227244686636993,1908022739.2515275
57,Plastics & Chemicals - Subsector 2,13145745542.802061,16286620941.516647,-3140875398.7145863,29432366484.31871,0.44664249304608217,0.46921381396573525,0.2723722076923156,0.12243178453453611,0.01341530822481469,0.03975154827291282,0.018771258144748084,0.2263757635095536,US,United States,0.46921381396573525,0,34.35012575673447,42.87536259878198,8.525236842047512,1120705942.17678
58,Machinery & Equipment - Subsector 3,7035423430.345228,10280949508.430195,-3245526078.0849667,17316372938.77542,0.4062873590918838,0.6079319228383923,0.21561418452953574,0.06270002085341178,0.016500975356604,0.01646465807367758,0.011232711729941232,0.37508873505516344,US,United States,0.6079319228383923,0,39.48140540379199,49.75568456175373,10.274279157961743,722839043.178317
59,Energy Products - Subsector 4,3335469911.5038233,2553354672.240626,782115239.2631974,5888824583.74445,0.5664067360252293,0.5858286968117423,0.24139773526925928,0.049858593634192316,0.03777895310230663,0.017388336383076478,0.012074212628133272,0.34817018766201835,US,United States,0.5858286968117423,0,39.09980743881364,49.212512595768914,10.112705156955272,337306237.74933857
60,Automotive & Parts - Subsector 5,2249461269.1339116,3822094730.300128,-1572633461.1662164,6071555999.43404,0.3704917272184585,0.7195431119853332,0.04774278526785054,0.09463376481454501,0.02462033090968846,0.03019744854463761,0.029222615333718477,0.52303461330022,US,United States,0.7195431119853332,0,41.26755189835594,51.58686887226007,10.31931697390413,232129038.567135
61,Agricultural Products - Subsector 1,3334251707.3493023,3519996715.5608287,-185745008.2115264,6854248422.910131,0.4864503737863746,0.509121174710309,0.22780151499711884,0.07419856252872101,0.0122688736158496,0.020779984795933615,0.03275189639314949,0.2760075826344691,US,United States,0.509121174710309,0,34.264026419532314,42.37289968874159,8.108873269209276,270370245.4254015
62,Mineral Products - Subsector 2,3115135464.307383,5740603584.108478,-2625468119.8010945,8855739048.415861,0.35176459550991707,0.6154795398924858,0.15330173537055006,0.04712640917345912,0.03937606122910898,0.011317076938098743,0.013654015508439032,0.3950189503896615,US,United States,0.6154795398924858,0,37.52409114088475,46.54979562432065,9.025704483435902,281162921.2670933
63,Mineral Products - Subsector 3,2801459898.531857,1903993163.747406,897466734.784451,4705453062.279263,0.5953645401309912,0.6573697172352773,0.12582760723308747,0.05078028074860961,0.033934672541319294,0.021353765107690183,0.01563526689079627,0.4430307128794717,US,United States,0.6573697172352773,0,39.29577791931935,48.947726991458914,9.651949072139566,270395482.68270755
64,Rubber Products - Subsector 4,1458893095.7468405,2360721301.150431,-901828205.4035907,3819614396.8972716,0.3819477424035056,0.48145935499008874,0.25093254845050644,0.11318119772084996,0.026283423633039513,0.011831800338140545,0.020893800355408915,0.2421750420342607,US,United States,0.48145935499008874,0,34.00126342790354,42.28008222125412,8.278818793350581,120779115.78558353
65,Plastics & Chemicals - Subsector 5,906783677.4023695,591833865.9279383,314949811.47443116,1498617543.330308,0.6050801162965611,0.4500120108605926,0.2154280520077294,0.08992864739474618,0.037339950559417225,0.03420831735644201,0.01819593143186849,0.22939639349283966,US,United States,0.4500120108605926,0,30.97393370749282,37.74226585776076,6.768332150267945,61374131.17100654
66,Energy Products - Subsector 1,17192166689.207638,22122314204.42343,-4930147515.215794,39314480893.63107,0.437298580533789,0.6559573337922946,0.148228341821808,0.03725830686421279,0.025564821814504247,0.020227187905837836,0.043460577372272186,0.4380345102556495,US,United States,0.6559573337922946,0,40.07846628588169,50.06120854924887,9.982742263367179,1716249690.0720646
67,Plastics & Chemicals - Subsector 2,15664167537.532753,29668935567.348457,-14004768029.815704,45333103104.88121,0.34553486226814517,0.5813157248510313,0.15524192029238562,0.08084601924030016,0.04392213189574819,0.0401776457856102,0.03025236966826366,0.34704384395294213,US,United States,0.5813157248510313,0,36.428828907286466,45.09688505644689,8.66805614916042,1357778837.451898
68,Wood & Paper Products - Subsector 3,1705173956.497262,1472613122.0221283,232560834.47513366,3177787078.51939,0.5365916325935043,0.6245849618946144,0.14436896003404004,0.06727495663910746,0.017773787299087483,0.02333050812282675,0.020222547776166073,0.4018703763305963,US,United States,0.6245849618946144,0,38.02005267636444,47.32789071458778,9.307838038223338,158714830.14073002
69,Automotive & Parts - Subsector 4,2032730477.4982312,1209601589.7349339,823128887.7632973,3242332067.233165,0.6269346986512878,0.737160615681269,0.03475174322189308,0.11238788531519256,0.01506229922461788,0.027234585616497973,0.022015027076326545,0.5474997407374049,US,United States,0.737160615681269,0,42.07408925138487,52.8103518588869,10.736262607502027,218239282.16694
70,Electrical Machinery - Subsector 5,4150242157.1273127,4638980364.449422,-488738207.3221092,8789222521.576735,0.47219673263918954,0.39664373452278484,0.34640578439918607,0.06490759338723168,0.03565749346878995,0.03867105533519478,0.024735620813536797,0.16935005244897672,US,United States,0.39664373452278484,0,32.49058073169367,40.176079780987834,7.685499049294165,318966821.52942526
71,Machinery & Equipment - Subsector 1,8413896475.126034,11457284190.621727,-3043387715.495693,19871180665.74776,0.4234220712224306,0.5038177384020341,0.2518552821158421,0.11671840927527288,0.011928074823283228,0.0312582084553075,0.03014858093032829,0.2588062401882283,US,United States,0.5038177384020341,0,35.52172625719528,44.445237580155265,8.923511322959982,750815004.6600024
72,Iron & Steel - Subsector 2,5850248546.438271,7515218384.64062,-1664969838.2023497,13365466931.078892,0.43771374218394216,0.548530445735891,0.22783648998815081,0.03334858053465743,0.01719109425725669,0.017216439175156348,0.034816104968965464,0.31734547883847564,US,United States,0.548530445735891,0,36.04394531327306,44.69136655229825,8.647421239025185,505895635.3404652
73,Machinery & Equipment - Subsector 3,7596043873.363955,6443868667.112947,1152175206.251007,14039912540.476902,0.541032136166422,0.5463976543105633,0.20159185874209842,0.11616126083320534,0.02432046603204419,0.02212568324458078,0.018698911640458962,0.3049801558358905,US,United States,0.5463976543105633,0,36.079267473801806,45.05545435844554,8.976186884643731,681835093.912679
74,Rubber Products - Subsector 4,91346134660.32716,91561567392.61232,-215432732.28515625,182907702052.93948,0.49941108895397196,0.4526782254028404,0.23612714541013252,0.1283698002009043,0.03191695192208388,0.013394827472984474,0.034586261118547054,0.217905822220317,US,United States,0.4526782254028404,0,32.266212020247906,39.8035755708076,7.5373635505596965,6885090258.7326765
75,Automotive & Parts - Subsector 5,25674639756.647137,14128719651.330193,11545920105.316944,39803359407.977325,0.6450370053815474,0.6986371824898647,0.04879124928072238,0.10008460412539198,0.03902635599430657,0.03543397789312961,0.008792519305288442,0.4957432065183133,US,United States,0.6986371824898647,0,39.91564229174453,49.70480573212263,9.789163440378097,2513332448.5064816
76,Wood & Paper Products - Subsector 1,2045974616.6779213,2242246876.361847,-196272259.68392563,4288221493.039768,0.4771149577974813,0.6046170997159723,0.21452813341028554,0.03755151074843334,0.0397062796492267,0.013366858303303685,0.03208526306978046,0.37172738709464287,US,United States,0.6046170997159723,0,39.26160520323807,49.219502071229265,9.957896867991195,203736042.27406558
77,Electronics - Subsector 2,2314783589.5777664,1787930916.9239793,526852672.65378714,4102714506.5017457,0.5642078155595353,0.4066606471936764,0.263110470356915,0.10761744314264442,0.041525561066494056,0.03814846560357613,0.03134440578478156,0.18198803057802615,US,United States,0.4066606471936764,0,30.765745741938876,37.64284360185168,6.877097859912805,159189932.70046538
78,Cereals & Grains - Subsector 3,1142270496.2285821,1618804447.5107963,-476533951.28221416,2761074943.7393785,0.4137049951572783,0.60776923900045,0.15781435583866557,0.04703093484732462,0.04719944999652471,0.0159009682608446,0.02514938627370578,0.38232444860687353,US,United States,0.60776923900045,0,37.428978242165215,46.39514892209571,8.966170679930492,102417922.31834367
79,Automotive & Parts - Subsector 4,124342113284.60327,141277012610.1358,-16934899325.532532,265619125894.73907,0.46812183748348835,0.6888595926410549,0.06295370606118234,0.09913064992732777,0.031395999638410374,0.038886344594008374,0.024669503564088112,0.4805612442132467,US,United States,0.6888595926410549,0,39.92989405528809,49.76707969858749,9.8371856432994,12231764516.608068
80,Textiles & Apparel - Subsector 5,55597045937.940025,104592655643.15585,-48995609705.21583,160189701581.0959,0.34707003876771736,0.38101819804994924,0.3796410888035822,0.11354002900930196,0.011370537379924328,0.038654563231593136,0.026890627449356327,0.149911176399365,US,United States,0.38101819804994924,0,33.32407874218283,41.72311927559684,8.39904053341401,4669618423.70839
81,Pharmaceuticals - Subsector 1,1619056281.3269038,2114638730.404606,-495582449.0777023,3733695011.73151,0.4336337800060596,0.4682291902028592,0.32839788028429934,0.0804138252619361,0.012578975824417485,0.02415389936749297,0.03415476394500287,0.2238582014247281,US,United States,0.4682291902028592,0,35.7353744595911,44.87916427321012,9.143789813619023,148043103.32872838
82,Cereals & Grains - Subsector 2,617371081.1151611,472029877.3885691,145341203.72659194,1089400958.5037303,0.5667069376945542,0.620418856129312,0.16570426100213578,0.07002303663409183,0.030612529362396272,0.020689949988140457,0.022707472235577817,0.3916785569402581,US,United States,0.620418856129312,0,38.753382262700754,48.462723358056984,9.70934109535623,59942664.08955938
83,Mineral Products - Subsector 3,4936551271.24094,3100275154.3009024,1836276116.9400377,8036826425.541842,0.614241369647114,0.5543587528909403,0.2252692000611751,0.0396394996314853,0.03154886481283956,0.03351171099311916,0.00518317399440874,0.32166663224275654,US,United States,0.5543587528909403,0,36.39885974329267,45.215125140078946,8.816265396786278,435219461.52102816
84,Electrical Machinery - Subsector 4,1405244258.1425908,1104566365.912669,300677892.2299218,2509810624.0552597,0.5599005138770385,0.45519493994703436,0.3224459621924959,0.05527285159569251,0.040420740138822756,0.018590459340344655,0.03681656454248628,0.21561510548154408,US,United States,0.45519493994703436,0,34.653080671417605,43.13960520889795,8.486524537480342,119256398.77880456
85,Automotive & Parts - Subsector 5,47900588423.00078,35104442902.01911,12796145520.981667,83005031325.0199,0.5770805414847459,0.7033691078924323,0.04917539775586335,0.07719768205369133,0.037432021161568185,0.025670222933461915,0.021310364041407452,0.5046117491842097,US,United States,0.7033691078924323,0,39.895953726839515,49.549771740976034,9.653818014136519,4624235634.057041
86,Energy Products - Subsector 1,329530834.8754984,241951061.1048366,87579773.7706618,571481895.980335,0.5766251515460741,0.6196228211242529,0.2229432640483357,0.03907315588564863,0.01919606541486474,0.03295525542158449,0.01779151195327241,0.3880478117157395,US,United States,0.6196228211242529,0,40.44571236084258,51.00103975964617,10.555327398803591,34783058.5011197
87,Optical & Medical Instruments - Subsector 2,3364298933.1730375,4976199018.00489,-1611900084.831853,8340497951.177928,0.4033690737491156,0.5506354355456176,0.23477513728841845,0.07490392870854184,0.021992959224710323,0.042145524278803796,0.006502993602583795,0.31026868416086434,US,United States,0.5506354355456176,0,37.04807036172902,46.36021387573383,9.31214351400481,313288344.897206
88,Energy Products - Subsector 3,15395293438.66157,12431336786.696566,2963956651.965004,27826630225.358135,0.5532575563041762,0.5514027583118227,0.1447486921037566,0.06717530537767223,0.046908853884353806,0.04582801632416773,0.020047186105363865,0.32409607007433444,US,United States,0.5514027583118227,0,33.99895122006897,41.579093866859864,7.580142646790897,1166985203.5425863
89,Energy Products - Subsector 4,29548723023.10862,51005981600.80318,-21457258577.694557,80554704623.9118,0.36681560885939113,0.7109922800071306,0.1067118682605455,0.026304230314096965,0.019170871782164214,0.011577904696906883,0.011880352252607787,0.5190037899495505,US,United States,0.7109922800071306,0,41.55784607250623,51.98201391290789,10.424167840401658,3080208482.6242495
90,Machinery & Equipment - Subsector 5,5599329146.714434,6462688552.721388,-863359406.0069542,12062017699.435822,0.4642116506740271,0.47432022494221887,0.23053854115137548,0.11124931160680594,0.021144452262476784,0.03567785576102923,0.019722950466292237,0.2386119740486124,US,United States,0.47432022494221887,0,32.992495598119085,40.739792928341735,7.747297330222651,433796677.49378604
91,Energy Products - Subsector 1,4282691562.4924407,3867339171.352207,415352391.1402335,8150030733.844648,0.5254816456958499,0.5878868075858161,0.18287292217548035,0.024213721227025732,0.03813492654286992,0.02514321838592592,0.03094978094367392,0.3609315764166805,US,United States,0.5878868075858161,0,36.855924005956034,45.56545061861949,8.709526612663453,373002161.37357134
92,Wood & Paper Products - Subsector 2,6784099494.390545,6163089741.43361,621009752.9569349,12947189235.824154,0.5239824158605265,0.6413960942375531,0.14193625471731108,0.02902663925788456,0.04441518131515225,0.05053430608912956,0.023948032279285162,0.4212145500830147,US,United States,0.6413960942375531,0,39.039648237007015,48.451923898854275,9.41227566184726,638538145.5860243
93,Automotive & Parts - Subsector 3,10848692886.846249,15196580931.74985,-4347888044.903601,26045273818.5961,0.4165321110619454,0.6985117160977548,0.02258302805797615,0.10042489789986528,0.017490818905235586,0.02684017113908932,0.023196017178446604,0.501793642307882,US,United States,0.6985117160977548,0,38.668370708544764,47.84892448131942,9.180553772774658,995970084.1200992
94,Metals & Ores - Subsector 4,32266723788.52143,51854252166.07062,-19587528377.549187,84120975954.59204,0.383575242944623,0.5651894281875741,0.25050978646692273,0.04766603644487073,0.026750919067126688,0.03248776434467173,0.007017737215851726,0.32621251396417833,US,United States,0.5651894281875741,0,38.09518946731728,47.798782111298685,9.703592643981402,3131031435.9967623
95,Automotive & Parts - Subsector 5,1778733629.0476096,2660108145.2134438,-881374516.1658342,4438841774.261053,0.40072021475550806,0.7264721510559006,0.03190976365708142,0.09856713604197762,0.019803135014031362,0.022265375963663705,0.027724166082248012,0.5347851012114764,US,United States,0.7264721510559006,0,41.002888584339324,51.180366162759015,10.17747757841969,181030216.27613133
96,Fish & Seafood - Subsector 1,383206150853.6388,534673851623.76086,-151467700770.12207,917880002477.3997,0.4174904669666493,0.6725021405588539,0.1375567057527616,0.02275012880386102,0.02131421394253044,0.03516188968069313,0.0070732368883986195,0.4647414126778772,US,United States,0.6725021405588539,0,40.287819772141674,50.27094736235011,9.983127590208433,38255958973.24536
97,Machinery & Equipment - Subsector 2,21362304635.308712,36297200622.91198,-14934895987.603268,57659505258.22069,0.3704905988984882,0.5850720898886027,0.16910680348739937,0.05677090250789218,0.038622159959757374,0.02943448764926603,0.02871829067180141,0.3540068755738309,US,United States,0.5850720898886027,0,36.65298712485861,45.382832768808385,8.729845643949773,1864896220.652778
98,Optical & Medical Instruments - Subsector 3,3178151810.469884,3715286987.4444623,-537135176.9745784,6893438797.914347,0.4610401141780578,0.399273785194043,0.31399201076251,0.07430873209722712,0.013489117557445078,0.046097354853733084,0.00966387648649911,0.18231898432888002,US,United States,0.399273785194043,0,31.390264863765044,38.59698540403389,7.206720540268844,229040519.32605925
99,Energy Products - Subsector 4,6650895004.882071,5532308659.887151,1118586344.9949198,12183203664.769222,0.5459069049395271,0.5308641571908989,0.20151669327057795,0.05578748381821856,0.036877627048541264,0.031719672953439235,0.025505415163386617,0.2986934824204315,US,United States,0.5308641571908989,0,34.55567290960189,42.55287939282987,7.997206483227984,531885806.5231151
100,Electrical Machinery - Subsector 5,611743990.4332672,337021367.81549186,274722622.6177754,948765358.248759,0.6447790121283841,0.5004069590959944,0.19306791139213167,0.09230601953823282,0.043659204386275206,0.015995408560075815,0.02310484723457342,0.27038457742370314,US,United States,0.5004069590959944,0,32.9045022285683,40.387865416375355,7.483363187807058,45779024.583705045
101,Optical & Medical Instruments - Subsector 1,30187432909.90156,16769464690.142897,13417968219.758665,46956897600.04446,0.6428753698130385,0.3533906680068114,0.3321679179001497,0.10181688072108452,0.041228205923480615,0.025001164421209962,0.030354564085550647,0.141596607583961,US,United States,0.3533906680068114,0,30.254973901477634,37.12433912332106,6.869365221843424,2073685017.680094
102,Agricultural Products - Subsector 2,3407343337.2649236,3315125316.4991674,92218020.76575613,6722468653.7640915,0.5068589401836868,0.6522905466180965,0.1410723466970369,0.029409358442954853,0.045220016466274285,0.028188177070875366,0.03627827213878085,0.43420031830315736,US,United States,0.6522905466180965,0,39.637494441599465,49.31636941296528,9.678874971365815,329792501.4590354
103,Wood & Paper Products - Subsector 3,8359728779.385814,15955391287.267696,-7595662507.881883,24315120066.65351,0.34380783465061304,0.6521589303382097,0.14646854491899988,0.05703004440135753,0.04502584970340245,0.03431953296210119,0.01303395224598401,0.4313864802982522,US,United States,0.6521589303382097,0,40.108151744715286,50.19794096596987,10.089789221254584,843479013.3085873
104,Electronics - Subsector 4,36533168084.388214,72194114226.1827,-35660946141.79448,108727282310.5709,0.3360073691535313,0.4808136303489769,0.23633778155493923,0.09072616110348614,0.0228140309556656,0.0255416711307843,0.02358868321521212,0.2473537917824577,US,United States,0.4808136303489769,0,33.24364817448995,41.02924134383044,7.785593169340494,2844323838.92181
105,Furniture & Fixtures - Subsector 5,1638512552.1298783,922711605.4324825,715800946.6973958,2561224157.562361,0.6397380515453708,0.35789623619967303,0.35856624794268116,0.162134982107425,0.01824325068486151,0.01345443351473009,0.016247045733575195,0.13474360757713896,China,China,0.35856624794268116,0,31.783279800960816,39.69690619646444,7.9136263955036235,129665761.81899011
106,Automotive & Parts - Subsector 1,2335681361.848231,1481094098.391486,854587263.4567449,3816775460.2397165,0.6119514721731982,0.6932078295538763,0.03732356983812616,0.08737272054128953,0.03039237985020255,0.015308332838991119,0.031260975559951394,0.4937255836441563,US,United States,0.6932078295538763,0,38.79594352262315,48.010278493940575,9.214334971317427,215217504.54332468
107,Plastics & Chemicals - Subsector 2,9484684239.481806,13388629519.951956,-3903945280.47015,22873313759.43376,0.41466157196265396,0.5082068249997036,0.2779292549764522,0.07932498405300623,0.028319201028261812,0.01367837893102964,0.03254574367340701,0.26392195110442274,US,United States,0.5082068249997036,0,36.21268233569211,45.35635097097996,9.143668635287852,867248097.961588
108,Mineral Products - Subsector 3,15466507754.41402,30216203893.05083,-14749696138.63681,45682711647.46485,0.3385636972202881,0.6520832013981491,0.15101599692299145,0.03967558640641664,0.020844267437273422,0.04917289792799231,0.02060171089668641,0.4329257938095435,US,United States,0.6520832013981491,0,39.98539149514972,49.95221546104787,9.96682396589815,1541519601.5544324
109,Pharmaceuticals - Subsector 4,3227363124.1107063,2697192636.9627748,530170487.1479316,5924555761.073481,0.5447434802311549,0.46262493547567857,0.34465253135009755,0.05370665995836916,0.022329748287229407,0.03483789465470116,0.02536269324782587,0.2195680095883289,US,United States,0.46262493547567857,0,35.73364582476666,44.79075425005733,9.057108425290672,292305777.428555
110,Wood & Paper Products - Subsector 5,19094450185.641476,36918684984.49324,-17824234798.851765,56013135170.13472,0.3408923661859642,0.5918254083339772,0.17892200735938388,0.024386445547734562,0.04314729671211372,0.019731725295059403,0.00912058575594758,0.3702450442897469,US,United States,0.5918254083339772,0,36.7637798010434,45.45272924486747,8.688949443824072,1659107123.2065594
111,Pharmaceuticals - Subsector 1,7030863582.151031,4370169122.919863,2660694459.231168,11401032705.070892,0.6166865549840831,0.4805029693928429,0.3107418213211388,0.08312772685846477,0.012652636987318841,0.024722542453321974,0.016937269510609143,0.23702710202162985,US,United States,0.4805029693928429,0,35.66506056888915,44.75359722138465,9.088536652495499,639002613.6507545
112,Energy Products - Subsector 2,109053304551.76521,111421267488.78174,-2367962937.0165253,220474572040.54694,0.4946298502473541,0.6143060686424068,0.1075089386307554,0.06857786154476292,0.02875971245556255,0.028197755912528016,0.02483103153071168,0.395948363099927,US,United States,0.6143060686424068,0,36.156787764527145,44.50704796039106,8.350260195863918,9106234682.260305
113,Metals & Ores - Subsector 3,25297947647.631645,39115868608.35581,-13817920960.724167,64413816255.98746,0.392741016105844,0.570022308486579,0.13020388350189804,0.0676033786452872,0.038950319585480515,0.03378232787617402,0.032324876085576645,0.34478639368461206,US,United States,0.570022308486579,0,34.49491959037111,42.23090779987078,7.735988209499666,1957046247.2661824
114,Metals & Ores - Subsector 4,15814243901.395948,10964091224.346426,4850152677.049522,26778335125.742374,0.5905611318678846,0.569682230984491,0.19446093560111422,0.0269589782024179,0.04131563051144094,0.040985826458901475,0.005501758233842634,0.3426188447768244,US,United States,0.569682230984491,0,36.16516092288068,44.660514014038526,8.495353091157845,1343475858.1204817
115,Machinery & Equipment - Subsector 5,9841898230.172256,14248315765.102488,-4406417534.930231,24090213995.274742,0.40854341236249414,0.5541061988268918,0.1722742653672162,0.12464964797170008,0.04093809385883152,0.02865567487967139,0.0049402459325266984,0.3150958600534271,US,United States,0.5541061988268918,0,35.66281558703916,44.36777240502073,8.704956817981568,856732991.0061872
116,Energy Products - Subsector 1,7922088117.16936,8023556194.833717,-101468077.66435719,15945644312.003078,0.4968183136510834,0.570050584876166,0.16461027115443877,0.06074349366531262,0.012986384916371486,0.03677957870832159,0.021776411338482057,0.34465643909054283,US,United States,0.570050584876166,0,35.39254092958223,43.6444672375184,8.251926307936166,653724873.4785833
117,Agricultural Products - Subsector 2,9020091798.322073,9189891286.960934,-169799488.6388607,18209983085.283005,0.49533773623392086,0.6447571254838192,0.10837585225767987,0.07160813623858635,0.03523913463133631,0.01194207636422768,0.014591197201793112,0.4301882443439634,US,United States,0.6447571254838192,0,38.002416156162795,47.16014726911781,9.157731112955013,826035753.0320438
118,Agricultural Products - Subsector 3,2585241113.2398376,1387965217.5355492,1197275895.7042885,3973206330.775387,0.6506687289847637,0.48843449038874276,0.2213436061220026,0.07521937535825919,0.046771587708830345,0.03835930165102408,0.009164368608714859,0.2568814995633313,US,United States,0.48843449038874276,0,33.12611061288892,40.70302925672865,7.576918643839726,195881615.8972789
119,Automotive & Parts - Subsector 4,841961617.5600595,627628274.5228734,214333343.03718615,1469589892.082933,0.5729228420091401,0.6446020610402651,0.04247040983510997,0.11533174279202861,0.03214806911308318,0.023970898025795925,0.012552838886000103,0.4338988858597028,US,United States,0.6446020610402651,0,36.12787138243274,44.44961611757095,8.32174473513821,70065896.58118877
120,Electronics - Subsector 5,273020352.59932804,198372994.6150628,74647357.98426524,471393347.2143909,0.5791773562624287,0.4783524181101745,0.23896646219873183,0.054581816511253864,0.03642917123194476,0.03541173414401554,0.014254645018781365,0.2517703720532467,US,United States,0.4783524181101745,0,32.850633968415515,40.296487888977886,7.445853920562371,20328696.627950273
121,Plastics & Chemicals - Subsector 1,5145620235.899323,4217643934.0448685,927976301.854455,9363264169.944191,0.5495541023414267,0.5477458986925138,0.2015126058474001,0.09806872388924501,0.02231262496435363,0.018061640507413133,0.033971590694663906,0.30813882027618394,US,United States,0.5477458986925138,0,35.98072964288448,44.80939263877239,8.82866299588791,454289469.6757638
122,Automotive & Parts - Subsector 2,12529465304.478176,20860247636.1707,-8330782331.692524,33389712940.648876,0.3752492669448714,0.6612767113941379,0.03490743555656315,0.11646848361424264,0.02397953516630546,0.040391747781328174,0.009527186376431207,0.4524548206445134,US,United States,0.6612767113941379,0,36.98159706575019,45.60990755927332,8.62831049352313,1081081169.6486304
123,Furniture & Fixtures - Subsector 3,6458495904.532286,4365699639.238729,2092796265.2935572,10824195543.771015,0.5966721386744485,0.37241568971253064,0.35911243263193443,0.1291441262976115,0.01211042218051706,0.008974576475590156,0.02956545152034782,0.14765843096079742,US,United States,0.37241568971253064,0,32.11740404890631,40.0368718902659,7.919467841359591,511478506.1949606
124,Automotive & Parts - Subsector 4,64082788848.82138,108706111585.29391,-44623322736.472534,172788900434.1153,0.3708732950312179,0.7384491485567936,0.042143819083373814,0.08649518486426548,0.027284809593848356,0.011560401918340435,0.023334459246335884,0.5517327865456186,US,United States,0.7384491485567936,0,42.01711797310317,52.61979647737156,10.60267850426839,6794492078.209685
125,Machinery & Equipment - Subsector 5,24015518798.273697,40100548524.56771,-16085029726.294014,64116067322.84141,0.3745631914282763,0.5815970958863788,0.17242193518815555,0.06479762231588745,0.029090597360971387,0.033049913928555545,0.029431285549102355,0.34909017203039683,US,United States,0.5815970958863788,0,36.62975519803188,45.41405437390465,8.784299175872768,2109595019.878326
126,Automotive & Parts - Subsector 1,13987811491.656952,21732827127.023396,-7745015635.366444,35720638618.68034,0.39158906538535215,0.705248146570656,0.024019747733874056,0.08855212947465098,0.045184875804487025,0.014340906287919442,0.02051694129099898,0.5104752461330834,US,United States,0.705248146570656,0,39.13746331998599,48.427770160158445,9.290306840172455,1299510607.7998345
127,Wood & Paper Products - Subsector 2,1644719717.427401,2222528294.0855865,-577808576.6581855,3867248011.5129876,0.4252946055000842,0.6246740315645588,0.18538981056326212,0.0635467214701177,0.016818780755895504,0.029898828968429908,0.00766864703166497,0.39663772309735834,US,United States,0.6246740315645588,0,39.511770006235565,49.64116399550145,10.129393989265886,166600140.197362
128,Metals & Ores - Subsector 3,4846949609.918479,9230135177.556873,-4383185567.638394,14077084787.475353,0.3443148693848105,0.692880891888134,0.13647593498260013,0.03154037235511216,0.01488664312390658,0.03721705489913067,0.03120207093226034,0.4857775296528157,US,United States,0.692880891888134,0,42.00722491407014,52.73715248041657,10.729927566346426,520074182.3215634
129,Automotive & Parts - Subsector 4,53308249734.38547,62822568972.98828,-9514319238.602814,116130818707.37375,0.45903620010388035,0.6436461225271922,0.05153130014458729,0.11614701400105769,0.03177343696754204,0.034661828555748606,0.013908487977962123,0.4284205517578381,US,United States,0.6436461225271922,0,36.541759215589195,45.053946419044635,8.51218720345544,4537698012.276428
130,Agricultural Products - Subsector 5,9938334060.139975,8237099785.599306,1701234274.5406685,18175433845.73928,0.5468003759629505,0.5934254392351614,0.20563046768889373,0.024410147816564427,0.012170939719084251,0.019494676554139976,0.010376763133389722,0.3708775846176959,US,United States,0.5934254392351614,0,37.60290082216889,46.8097042251531,9.206803402984207,915002878.4489057
131,Electrical Machinery - Subsector 1,7822507984.362554,6252637615.600042,1569870368.7625113,14075145599.962597,0.5557674646280989,0.42952806820837347,0.24330530864186384,0.1083433125542827,0.0374063234892593,0.030798956229353025,0.025149048035836414,0.2032171103928897,US,United States,0.42952806820837347,0,31.126502180085403,38.11758020592224,6.991078025836835,546877636.7641023
132,Metals & Ores - Subsector 2,8846721957.103386,10069692815.246077,-1222970858.1426907,18916414772.349464,0.46767434863158275,0.5829636030760192,0.11853042530490586,0.04018441325833925,0.032301804172276925,0.05068910444062051,0.03450701253621286,0.3644813850848366,US,United States,0.5829636030760192,0,34.57445694171376,42.14235386129643,7.567896919582665,669510798.4756705
133,Machinery & Equipment - Subsector 3,37263759163.731026,68977185590.12424,-31713426426.39321,106240944753.85526,0.3507476260688919,0.44193452281716933,0.3116843139544714,0.048440021020105584,0.040072659390066344,0.029728103019402614,0.01825240201721849,0.2102042184376838,US,United States,0.44193452281716933,0,33.36686059704015,41.25005019802509,7.883189600984942,2937572787.3313174
134,Plastics & Chemicals - Subsector 4,6974337183.5844,4863564689.603958,2110772493.980442,11837901873.188358,0.5891531504734435,0.4333777032002948,0.24796934621406624,0.1304513464068198,0.017019417271343245,0.03225222929990264,0.025034864999078605,0.20274493707605204,US,United States,0.4333777032002948,0,31.62466649698547,38.95522932699741,7.330562830011942,511258169.2195398
135,Optical & Medical Instruments - Subsector 5,16699858258.832798,19504731090.10326,-2804872831.270462,36204589348.93606,0.4612635734625051,0.5140227041512933,0.22804681663362614,0.06439996746471432,0.04722204818459625,0.016662597161704467,0.03373629345285091,0.27706368804155074,US,United States,0.5140227041512933,0,34.70786506265751,42.9039486309807,8.19608356832319,1368734338.6854582
136,Mineral Products - Subsector 1,4237945084.4566193,4186178993.521076,51766090.93554306,8424124077.977695,0.5030724910065647,0.5748769509444812,0.18994385503268146,0.02996940634332702,0.025779147868194786,0.04903496477836654,0.014109041371985204,0.34727414717948496,US,United States,0.5748769509444812,0,36.3614895490059,44.93334044569015,8.571850896684246,363270333.7229807
137,Furniture & Fixtures - Subsector 2,32930531256.810974,37749298227.57796,-4818766970.766983,70679829484.38893,0.4659113002541177,0.29363453333978107,0.44468481371203805,0.13087550061063913,0.017502422710225025,0.01164894850252781,0.00984996617924077,0.20671157862034056,China,China,0.44468481371203805,0,32.728286352222895,40.87696393583221,8.148677583609313,2683402818.6872144
138,Energy Products - Subsector 3,3523183996.6465864,4269909856.9574413,-746725860.3108549,7793093853.604028,0.4520905384730147,0.602466626896699,0.19908941691312204,0.029013028113664862,0.016143082317038638,0.011081291910035524,0.02973931361251945,0.37688273756202945,US,United States,0.602466626896699,0,38.11524825279862,47.51292667381609,9.397678421017467,331097502.18559706
139,Iron & Steel - Subsector 4,22008842742.79997,12303280070.67726,9705562672.12271,34312122813.477226,0.6414305189580186,0.6457056575973519,0.18342053784473603,0.07041382183852288,0.017808143866023002,0.014138951258161066,0.014104232450199837,0.42061206731155965,US,United States,0.6457056575973519,0,40.86557865954571,51.634670517867164,10.769091858321453,2370152491.9256434
140,Automotive & Parts - Subsector 5,7987827566.162312,15557716375.096876,-7569888808.934565,23545543941.259186,0.3392500757718801,0.6695408470156691,0.06629966896126843,0.08905726604077491,0.026412082437151034,0.010169958249824475,0.0088873444189682,0.4659696282222971,US,United States,0.6695408470156691,0,38.09019930988581,47.211056776873235,9.120857466987424,728558367.0183951
141,Automotive & Parts - Subsector 1,38949822886.5544,31268145757.119843,7681677129.434555,70217968643.67424,0.5546987991664623,0.6799382865502466,0.047073827305623685,0.11355888752090826,0.022743030946399796,0.024706952545997193,0.017837788026001555,0.47262450980008663,US,United States,0.6799382865502466,0,38.574644069573786,47.907817797533106,9.33317372795932,3635254636.7345815
142,Metals & Ores - Subsector 2,1552926335.417572,2728760125.824801,-1175833790.407229,4281686461.242373,0.36269034397417677,0.6477570534625213,0.10648603193821973,0.05633587613317171,0.025901613177766097,0.04174656431767799,0.010454207582350328,0.43450400255634614,US,United States,0.6477570534625213,0,38.05538174365458,47.11649979352902,9.061118049874445,140712488.47977537
143,Fertilizers - Subsector 3,38794904063.61642,31948097301.07114,6846806762.545277,70743001364.68756,0.5483921139226852,0.5813962308173971,0.15942514101560393,0.05211778617610724,0.04087191037817133,0.029975635541298336,0.00553730559451392,0.3576975052331101,US,United States,0.5813962308173971,0,35.815010038374126,44.16675329639221,8.351743258018082,3240050784.587667
144,Metals & Ores - Subsector 4,43839948080.35425,48678209847.53734,-4838261767.18309,92518157927.89159,0.4738523665216399,0.5546199528280769,0.18943530235835224,0.02529406062431845,0.03479839062468503,0.047890964089109596,0.006408346762972321,0.3311860783295064,US,United States,0.5546199528280769,0,35.06735802037314,43.08124276127935,8.013884740906207,3513282909.6327124
145,Pharmaceuticals - Subsector 5,18103406134.154552,30716419824.06672,-12613013689.912167,48819825958.22127,0.37082078395049944,0.4497686753554137,0.27831261567448967,0.0903054188275266,0.04008638908410348,0.023235943170394444,0.014604743114580526,0.21540281863128094,US,United States,0.4497686753554137,0,33.08210141140533,40.935412678051634,7.853311266646301,1421716833.580297
146,Plastics & Chemicals - Subsector 1,21152521398.933826,32642588157.112976,-11490066758.17915,53795109556.0468,0.39320528526660825,0.5905184925875202,0.1700280478043374,0.1020401024231831,0.009994413522858103,0.022453387804007848,0.017415045834392212,0.35728450864020445,US,United States,0.5905184925875202,0,37.246216578620164,46.542588555544064,9.2963719769239,1966417071.7433157
147,Plastics & Chemicals - Subsector 2,2632080195.02526,2815480043.0555816,-183399848.0303216,5447560238.080841,0.483166790268029,0.5269447126431468,0.20320506786167833,0.08984367585743568,0.019641371755297996,0.01330068147209556,0.02687403330283303,0.2934013814402951,US,United States,0.5269447126431468,0,34.55672190183003,42.77818438876742,8.22146248693739,216395485.86011025
148,Pharmaceuticals - Subsector 3,216730296663.72772,281836905710.81934,-65106609047.09161,498567202374.54706,0.4347062855949954,0.4643660814048162,0.3027135895671127,0.05299900519459032,0.024199695105955495,0.025793823028419743,0.019399526457345943,0.2294796462478207,US,United States,0.4643660814048162,0,34.176289230879036,42.421445199758914,8.245155968879878,17869750991.740414
149,Agricultural Products - Subsector 4,23066766100.92919,19957906827.728447,3108859273.2007446,43024672928.65764,0.536128796125374,0.6162653170433429,0.20946961629336625,0.05954051636951134,0.045509893198448996,0.010126085643033012,0.011185879225548357,0.3843764207965354,US,United States,0.6162653170433429,0,39.990016901308515,50.39637859709444,10.406361695785925,2400411111.983628
150,Cereals & Grains - Subsector 5,11265975163.922422,10825869251.434416,440105912.4880066,22091844415.35684,0.5099608231936957,0.5510203020674473,0.2584417822365417,0.04422483465483042,0.015126545905268091,0.03167483838349354,0.015051592084464759,0.31221554077294444,US,United States,0.5510203020674473,0,37.42110064759566,46.85592710337705,9.43482645578139,1062925205.2675136
